round,test_accuracy,test_logloss,test_precision_bin,test_recall_bin,test_f1_bin,test_precision_macro,test_recall_macro,test_f1_macro,test_tn,test_fp,test_fn,test_tp,test_sensitivity,test_specificity,test_balanced_accuracy,test_roc_auc,test_pr_auc,fl_algo,dataset_balance_type,fraction,failure_rate,iid,seed
1,0.9665379665379665,0.13832965180467166,0.0,0.0,0.0,0.5785070785070785,0.5952380952380953,0.5865195591836099,35.761904761904766,0.0,1.2380952380952388,0.0,0.0,1.0000000000000004,0.5952380952380953,,0.4123620170678994,FedAvg,imbalanced,0.39,0,1,42
2,0.9691119691119692,0.1185958142570032,0.0,0.0,0.0,0.555984555984556,0.5714285714285716,0.5634478296645904,35.857142857142854,0.0,1.142857142857143,0.0,0.0,1.0000000000000004,0.5714285714285716,,0.5600549529120957,FedAvg,imbalanced,0.39,0,1,42
3,0.9588159588159589,0.14299364584826468,0.0,0.0,0.0,0.5746460746460746,0.5952380952380955,0.5844096589069085,35.476190476190474,0.0,1.523809523809524,0.0,0.0,1.0000000000000004,0.5952380952380955,,0.47509545559965727,FedAvg,imbalanced,0.39,0,1,42
