round,test_accuracy,test_logloss,test_precision_bin,test_recall_bin,test_f1_bin,test_precision_macro,test_recall_macro,test_f1_macro,test_tn,test_fp,test_fn,test_tp,test_sensitivity,test_specificity,test_balanced_accuracy,test_roc_auc,test_pr_auc
1,0.6560196560196558,0.639863012123482,0.06623972907571621,0.3479338842975207,0.08951264177794452,0.5779612338188825,0.5923559804843228,0.4927872773886858,23.509090909090904,12.199999999999996,0.5272727272727273,0.7636363636363637,0.3479338842975207,0.6549598948529429,0.6584493465776888,,0.2792867514296588
2,0.7945945945945946,0.6093403170872467,0.13853236942344127,0.4358126721763086,0.18019212579021196,0.5905507450232895,0.6431798559071287,0.5537974365962159,28.436363636363634,7.272727272727272,0.32727272727272727,0.9636363636363638,0.4358126721763086,0.7960015850924942,0.7903543030815755,,0.34229113798250543
3,0.8796068796068793,0.5842383578149053,0.19367961915808807,0.39962613144431336,0.21557740239558418,0.62555734950542,0.6806365282033734,0.609340552264165,31.74545454545456,3.963636363636362,0.49090909090909096,0.8000000000000002,0.39962613144431336,0.8889196522351603,0.8373932849601297,,0.3665920096303877
4,0.8653562653562654,0.5695628880977793,0.18272878636515003,0.3846320346320347,0.20700657927930652,0.6284743720729534,0.6761986109312315,0.6091326936274452,31.290909090909093,4.418181818181819,0.5636363636363636,0.7272727272727274,0.3846320346320347,0.8768560963213371,0.8167391514717719,,0.34928917029376333
5,0.9007371007371004,0.5511979141977482,0.2181469867031365,0.39264069264069273,0.23156146883419615,0.6639495427015574,0.717125793061622,0.6511506798103267,32.63636363636364,3.0727272727272714,0.6,0.690909090909091,0.39264069264069273,0.914338166209824,0.8483297242655529,,0.3686395364418419
