round,test_accuracy,test_logloss,test_precision_bin,test_recall_bin,test_f1_bin,test_precision_macro,test_recall_macro,test_f1_macro,test_tn,test_fp,test_fn,test_tp,test_sensitivity,test_specificity,test_balanced_accuracy,test_roc_auc,test_pr_auc,fl_algo,dataset_balance_type,fraction,failure_rate,iid,seed
1,0.712998712998713,0.6166507263599782,0.07962896891468321,0.785714285714286,0.14252765597303413,0.5346860537747238,0.748639455782313,0.48421522380724075,25.476190476190467,10.333333333333332,0.2857142857142857,0.9047619047619051,0.785714285714286,0.7115646258503401,0.748639455782313,0.8042705971277399,0.48422341447551526,FedAvg,imbalanced,0.39,0,1,42
2,0.9266409266409266,0.21936549308491443,0.22142857142857145,0.49999999999999994,0.2868480725623583,0.6011614637665057,0.7212585034013603,0.6238742501394235,33.61904761904763,2.0476190476190474,0.6666666666666667,0.6666666666666667,0.49999999999999994,0.9425170068027212,0.7212585034013603,0.8489040060468631,0.49131359065365277,FedAvg,imbalanced,0.39,0,1,42
3,0.8893178893178891,0.27179549315330165,0.19767573696145124,0.5476190476190477,0.25967498110355247,0.5882527250021828,0.7264327953403583,0.5996475516772409,32.142857142857146,3.380952380952381,0.7142857142857144,0.7619047619047621,0.5476190476190477,0.9052465430616691,0.7264327953403583,0.87593704148326,0.49406532620818333,FedAvg,imbalanced,0.39,0,1,42
