round,test_accuracy,test_logloss,test_precision_bin,test_recall_bin,test_f1_bin,test_precision_macro,test_recall_macro,test_f1_macro,test_tn,test_fp,test_fn,test_tp,test_sensitivity,test_specificity,test_balanced_accuracy,test_roc_auc,test_pr_auc
1,0.44270166453265036,0.6945534382906043,0.540910549098868,0.40902095308305286,0.17898794069402527,0.5212634391179687,0.40394109199582384,0.30981373727866673,26.477272727272734,8.454545454545455,31.113636363636367,4.954545454545455,0.40902095308305286,0.39886123090859443,0.43146990121477374,,0.647511584229362
2,0.44974391805377717,0.7031338095797094,0.5431707148513367,0.40085092741942924,0.17702991921647623,0.5158944417410056,0.3976580296769403,0.3065240062143583,26.97727272727273,7.227272727272729,31.84090909090909,4.954545454545454,0.40085092741942924,0.3944651319344518,0.4279077095745077,,0.6521450070172796
3,0.5022407170294494,0.6967510976931384,0.520007908640754,0.47586044272984085,0.21929196260140008,0.5279642814200599,0.45764126859619353,0.3508653270425046,30.02272727272727,7.25,28.09090909090909,5.636363636363638,0.47586044272984085,0.439422094462546,0.4907718703887672,,0.714090660773931
4,0.42733674775928276,0.7189932608706268,0.5895690888578863,0.38826824583866815,0.15922200223992006,0.5271499760762586,0.39313663894550765,0.29270343686518974,26.727272727272727,5.499999999999999,35.15909090909091,3.6136363636363624,0.38826824583866815,0.39800503205234666,0.4117025800466597,,0.7606001857855579
5,0.4615877080665813,0.7110623264271905,0.5568480761662578,0.3519167230194758,0.1650701982210941,0.529286448751719,0.3965325933500897,0.31601324692196836,29.272727272727266,5.5681818181818175,32.659090909090914,3.4999999999999996,0.3519167230194758,0.44114846368070376,0.4134980222873496,,0.731118473462625
