round,test_accuracy,test_logloss,test_precision_bin,test_recall_bin,test_f1_bin,test_precision_macro,test_recall_macro,test_f1_macro,test_tn,test_fp,test_fn,test_tp,test_sensitivity,test_specificity,test_balanced_accuracy,test_roc_auc,test_pr_auc,fl_algo,dataset_balance_type,fraction,failure_rate,iid,seed
1,0.7876447876447876,0.6564357787419667,0.12673246066103208,0.7380952380952381,0.20853370097067572,0.5586109345003156,0.7633117811689241,0.5421546923032886,28.142857142857128,7.571428571428572,0.2857142857142857,1.0,0.7380952380952381,0.7885283242426101,0.7806862985434414,,0.48603576739642707,FedAdam,imbalanced,0.39,0.3,1,1954324947
2,0.8223938223938222,0.6145571731974437,0.1905552119837834,0.6666666666666667,0.2726331869189012,0.5882526598436141,0.7470996506710793,0.5855232222733489,29.380952380952372,6.142857142857144,0.42857142857142855,1.047619047619048,0.6666666666666667,0.827532634675492,0.7651176686890971,,0.5165161170703042,FedAdam,imbalanced,0.39,0.3,1,1954324947
3,0.8146718146718147,0.5814846401825366,0.13492578849721706,0.7857142857142858,0.22689691261119832,0.5634617869462142,0.8003876325304897,0.5602713243994859,29.19047619047618,6.619047619047619,0.23809523809523808,0.9523809523809528,0.7857142857142858,0.8150609793466936,0.8184056505485078,,0.5742296918767507,FedAdam,imbalanced,0.39,0.3,1,1954324947
