round,test_accuracy,test_logloss,test_precision_bin,test_recall_bin,test_f1_bin,test_precision_macro,test_recall_macro,test_f1_macro,test_tn,test_fp,test_fn,test_tp,test_sensitivity,test_specificity,test_balanced_accuracy,test_roc_auc,test_pr_auc,fl_algo,dataset_balance_type,fraction,failure_rate,iid,seed
1,0.9794079794079796,0.10228068300298754,0.0,0.0,0.0,0.6087516087516087,0.6190476190476194,0.6138290932811481,36.23809523809524,0.0,0.7619047619047621,0.0,0.0,1.0000000000000004,0.6190476190476194,,0.4744351494351494,FedAvg,imbalanced,0.39,0,1,428956419
2,0.976833976833977,0.09679285269440922,0.0,0.0,0.0,0.5836550836550836,0.5952380952380955,0.5893581938102486,36.142857142857146,0.0,0.8571428571428572,0.0,0.0,1.0000000000000004,0.5952380952380955,,0.5142032570603998,FedAvg,imbalanced,0.39,0,1,428956419
3,0.9626769626769629,0.14429439105548664,0.0,0.0,0.0,0.6003861003861004,0.6190476190476191,0.6092453419724053,35.61904761904762,0.0,1.3809523809523812,0.0,0.0,1.0000000000000004,0.6190476190476191,,0.4424599030539724,FedAvg,imbalanced,0.39,0,1,428956419
