round,test_accuracy,test_logloss,test_precision_bin,test_recall_bin,test_f1_bin,test_precision_macro,test_recall_macro,test_f1_macro,test_tn,test_fp,test_fn,test_tp,test_sensitivity,test_specificity,test_balanced_accuracy,test_roc_auc,test_pr_auc,fl_algo,dataset_balance_type,fraction,failure_rate,iid,seed
1,0.7902187902187902,0.4441442950675772,0.12930548287691146,0.8333333333333335,0.22086617086617086,0.5620275888133032,0.810557496271782,0.5488587440408056,28.238095238095227,7.619047619047619,0.14285714285714285,1.0000000000000002,0.8333333333333335,0.7877816592102306,0.8427325284468141,,0.5913832199546485,FedAvg,imbalanced,0.39,0.3,1,42
2,0.9292149292149292,0.22588715754101574,0.2579365079365079,0.38095238095238093,0.28253968253968254,0.6160922767387933,0.6664965986394558,0.6224793763452212,33.904761904761905,1.7142857142857144,0.904761904761905,0.47619047619047616,0.38095238095238093,0.9520408163265306,0.6664965986394558,0.6787048152594369,0.4111776881104612,FedAvg,imbalanced,0.39,0.3,1,42
3,0.936936936936937,0.19547705762520867,0.28253968253968254,0.5079365079365079,0.32721088435374146,0.6325241545567175,0.7300011596230084,0.6467715022228989,34.0,1.7142857142857146,0.6190476190476191,0.6666666666666666,0.5079365079365079,0.9520658113095086,0.7756897053115541,,0.5381893046048363,FedAvg,imbalanced,0.39,0.3,1,42
