round,test_accuracy,test_logloss,test_precision_bin,test_recall_bin,test_f1_bin,test_precision_macro,test_recall_macro,test_f1_macro,test_tn,test_fp,test_fn,test_tp,test_sensitivity,test_specificity,test_balanced_accuracy,test_roc_auc,test_pr_auc,fl_algo,dataset_balance_type,fraction,failure_rate,iid,seed
1,0.9691119691119693,0.1285246983439823,0.0,0.0,0.0,0.48455598455598464,0.5000000000000002,0.4921450315285931,35.85714285714286,0.0,1.1428571428571432,0.0,0.0,1.0000000000000004,0.5000000000000002,0.8491307634164775,0.5696927304070161,FedAvg,imbalanced,0.39,0,1,428956419
2,0.9703989703989704,0.10936670197985579,0.0,0.0,0.0,0.5328185328185329,0.5476190476190479,0.5400811770674784,35.904761904761905,0.0,1.0952380952380953,0.0,0.0,1.0000000000000004,0.5476190476190479,,0.5093537414965987,FedAvg,imbalanced,0.39,0,1,428956419
3,0.9626769626769628,0.12609986978650628,0.0,0.0,0.0,0.4813384813384814,0.5000000000000002,0.49046894252373696,35.61904761904762,0.0,1.3809523809523814,0.0,0.0,1.0000000000000004,0.5000000000000002,0.8585034013605443,0.5215077876020514,FedAvg,imbalanced,0.39,0,1,428956419
