round,test_accuracy,test_logloss,test_precision_bin,test_recall_bin,test_f1_bin,test_precision_macro,test_recall_macro,test_f1_macro,test_tn,test_fp,test_fn,test_tp,test_sensitivity,test_specificity,test_balanced_accuracy,test_roc_auc,test_pr_auc,fl_algo,dataset_balance_type,fraction,failure_rate,iid,seed
1,0.6872586872586873,0.6459626287669,0.08231809817944272,0.7857142857142856,0.14777275896249803,0.5343811074929391,0.7354119425547997,0.47673910791525065,24.47619047619047,11.238095238095237,0.3333333333333333,0.9523809523809526,0.7857142857142856,0.6851095993953136,0.7354119425547997,0.800755857898715,0.3420166891031553,FedAdagrad,imbalanced,0.39,0.3,1,1954324947
2,0.6833976833976834,0.6217492375699385,0.08384822849108563,0.7380952380952381,0.14889959091639765,0.5342684189708,0.7096560846560847,0.4763451482421433,24.23809523809523,11.333333333333332,0.38095238095238093,1.047619047619048,0.7380952380952381,0.6812169312169312,0.7096560846560847,0.7554421768707481,0.24421244308462353,FedAdagrad,imbalanced,0.39,0.3,1,1954324947
3,0.7014157014157013,0.6048026587670999,0.07106134606134605,0.6666666666666667,0.1260901252497891,0.5285674229738847,0.6842214663643233,0.4715153649410784,25.095238095238084,10.666666666666666,0.38095238095238093,0.8571428571428574,0.6666666666666667,0.7017762660619804,0.6842214663643233,0.826379440665155,0.43182148184431707,FedAdagrad,imbalanced,0.39,0.3,1,1954324947
