round,test_accuracy,test_logloss,test_precision_bin,test_recall_bin,test_f1_bin,test_precision_macro,test_recall_macro,test_f1_macro,test_tn,test_fp,test_fn,test_tp,test_sensitivity,test_specificity,test_balanced_accuracy,test_roc_auc,test_pr_auc,fl_algo,dataset_balance_type,fraction,failure_rate,iid
1,0.9665379665379668,0.1413169303755716,0.0,0.0,0.0,0.5546975546975547,0.5714285714285717,0.5627486611082788,35.76190476190477,0.0,1.2380952380952386,0.0,0.0,1.0000000000000004,0.5714285714285717,,0.483311326168469,FedAvg,imbalanced,0.39,0,1
2,0.9691119691119692,0.12298076243099819,0.0,0.0,0.0,0.555984555984556,0.5714285714285716,0.5634881243874692,35.85714285714286,0.0,1.1428571428571432,0.0,0.0,1.0000000000000004,0.5714285714285716,,0.4848809544674206,FedAvg,imbalanced,0.39,0,1
3,0.9601029601029601,0.1423294417184659,0.0,0.0,0.0,0.5038610038610039,0.5238095238095241,0.5134420785718827,35.52380952380953,0.0,1.4761904761904765,0.0,0.0,1.0000000000000004,0.5238095238095241,,0.6146082991601198,FedAvg,imbalanced,0.39,0,1
