round,test_accuracy,test_logloss,test_precision_bin,test_recall_bin,test_f1_bin,test_precision_macro,test_recall_macro,test_f1_macro,test_tn,test_fp,test_fn,test_tp,test_sensitivity,test_specificity,test_balanced_accuracy,test_roc_auc,test_pr_auc,fl_algo,dataset_balance_type,fraction,failure_rate,iid,seed
1,0.6782496782496783,0.6881767350489426,0.06409146409146409,0.6666666666666667,0.11600114588836395,0.5229121507379653,0.6728754264468548,0.4583757485969642,24.33333333333333,11.476190476190474,0.42857142857142855,0.7619047619047619,0.6666666666666667,0.6790841862270433,0.6915369451083735,,0.1961179032607604,FedYogi,imbalanced,0.39,0.3,1,1954324947
2,0.6846846846846848,0.6816586191908468,0.06364436994689095,0.6190476190476191,0.11318028949607897,0.5226346247765685,0.6530801209372639,0.4592254533085396,24.571428571428562,11.19047619047619,0.47619047619047616,0.7619047619047621,0.6190476190476191,0.6871126228269084,0.6530801209372639,0.754572940287226,0.22752020674953,FedYogi,imbalanced,0.39,0.3,1,1954324947
3,0.6949806949806949,0.6753137384207175,0.07136932473066927,0.6428571428571428,0.12677648166369973,0.5281508432404832,0.6688831688831689,0.4695654381333118,24.857142857142854,10.904761904761905,0.38095238095238093,0.8571428571428573,0.6428571428571428,0.6949091949091946,0.6843271843271843,,0.25476769471130367,FedYogi,imbalanced,0.39,0.3,1,1954324947
