round,test_accuracy,test_logloss,test_precision_bin,test_recall_bin,test_f1_bin,test_precision_macro,test_recall_macro,test_f1_macro,test_tn,test_fp,test_fn,test_tp,test_sensitivity,test_specificity,test_balanced_accuracy,test_roc_auc,test_pr_auc,fl_algo,dataset_balance_type,fraction,failure_rate,iid,seed
1,0.7992277992277993,0.426583056549868,0.09378306878306879,0.5793650793650794,0.15782828282828282,0.5392304858399131,0.6925304055556154,0.520704207117588,28.809523809523803,6.952380952380952,0.47619047619047616,0.7619047619047619,0.5793650793650794,0.8056957317461518,0.7079744209996309,,0.39811279824067547,FedAvg,imbalanced,0.39,0.3,1,42
2,0.8918918918918917,0.2563605708537289,0.1683862433862434,0.49999999999999994,0.2402872260015117,0.5749921180593449,0.7026970848399419,0.5906943421625657,32.285714285714285,3.380952380952382,0.6190476190476191,0.7142857142857143,0.49999999999999994,0.905394169679884,0.7232891054319625,,0.45607266094843735,FedAvg,imbalanced,0.39,0.3,1,42
3,0.8790218790218788,0.29737747060599434,0.19024943310657594,0.5238095238095237,0.24429327286470143,0.5871288247296312,0.7068660497231923,0.5891283134505149,31.85714285714286,3.9523809523809526,0.5238095238095237,0.6666666666666667,0.5238095238095237,0.8899225756368614,0.7467630896202323,,0.44673970482190317,FedAvg,imbalanced,0.39,0.3,1,42
