round,test_accuracy,test_logloss,test_precision_bin,test_recall_bin,test_f1_bin,test_precision_macro,test_recall_macro,test_f1_macro,test_tn,test_fp,test_fn,test_tp,test_sensitivity,test_specificity,test_balanced_accuracy,test_roc_auc,test_pr_auc,fl_algo,dataset_balance_type,fraction,failure_rate,iid,seed
1,0.7528957528957531,0.5347211526071745,0.08678319035461891,0.6904761904761907,0.1513750799465085,0.5352765720085229,0.7240885242986085,0.5026390279729301,27.047619047619037,8.666666666666664,0.47619047619047616,0.8095238095238098,0.6904761904761907,0.7577008581210259,0.7240885242986085,0.7966675559112535,0.506925526518627,FedAvg,imbalanced,0.39,0.3,1,1954324947
2,0.8828828828828827,0.2992030710864638,0.15763760049474335,0.6190476190476191,0.24371475085760796,0.5724050984029975,0.754855365569651,0.5894946069162726,31.90476190476191,3.904761904761904,0.42857142857142855,0.7619047619047619,0.6190476190476191,0.8906631120916835,0.7780213887356743,,0.463063606056287,FedAvg,imbalanced,0.39,0.3,1,1954324947
3,0.9137709137709137,0.22071332516485997,0.2620181405895691,0.5952380952380951,0.3347316704459561,0.6227169905063643,0.760939931528167,0.6439737131547607,33.000000000000014,2.6190476190476186,0.5714285714285714,0.8095238095238095,0.5952380952380951,0.9266417678182384,0.760939931528167,0.9022875816993463,0.6555582166419606,FedAvg,imbalanced,0.39,0.3,1,1954324947
