round,test_accuracy,test_logloss,test_precision_bin,test_recall_bin,test_f1_bin,test_precision_macro,test_recall_macro,test_f1_macro,test_tn,test_fp,test_fn,test_tp,test_sensitivity,test_specificity,test_balanced_accuracy,test_roc_auc,test_pr_auc,comm_download_bytes,fl_algo,dataset_balance_type,fraction,failure_rate,iid,seed
1,0.839124839124839,0.37401373013301287,0.11320861678004535,0.5476190476190477,0.1771799628942486,0.5508020253555966,0.6966297930583645,0.5434754022639544,30.38095238095238,5.571428571428571,0.38095238095238093,0.6666666666666666,0.5476190476190477,0.8456405384976814,0.7519708483994199,,0.4037394093294714,47.999999999999986,FedAvg,imbalanced,0.39,0.3,1,42
2,0.8803088803088802,0.30580688898668634,0.16037414965986396,0.4682539682539682,0.22010582010582008,0.5719650155429641,0.6797291889728864,0.5771406136618122,32.04761904761905,3.904761904761904,0.5238095238095237,0.5238095238095237,0.4682539682539682,0.8912044096918046,0.7228437320874296,,0.40591686745296574,47.999999999999986,FedAvg,imbalanced,0.39,0.3,1,42
3,0.9073359073359074,0.2370355813744501,0.22789115646258504,0.6666666666666667,0.3349962207105064,0.6089496636875669,0.7900522971951544,0.6423266988477617,32.71428571428572,3.095238095238095,0.3333333333333333,0.8571428571428574,0.6666666666666667,0.913437927723642,0.832523339666197,,0.48544973544973546,47.999999999999986,FedAvg,imbalanced,0.39,0.3,1,42
