round,test_accuracy,test_logloss,test_precision_bin,test_recall_bin,test_f1_bin,test_precision_macro,test_recall_macro,test_f1_macro,test_tn,test_fp,test_fn,test_tp,test_sensitivity,test_specificity,test_balanced_accuracy,test_roc_auc,test_pr_auc,fl_algo,dataset_balance_type,fraction,failure_rate,iid,seed
1,0.8128772635814889,0.42507126292313896,0.8079061355791782,0.8290752953733933,0.8169461972194432,0.8147904895352855,0.8133000094715045,0.8123846665744647,27.952380952380942,7.142857142857143,6.142857142857144,29.761904761904752,0.8290752953733933,0.797524723569615,0.8133000094715045,0.8987400596036155,0.8918741045446045,FedAvg,balanced,0.39,0,1,428956419
2,0.8162307176391684,0.4048368984300522,0.8220167123202566,0.8170615347307075,0.8166669912302474,0.8197556694474449,0.8171201667442269,0.8156250388763472,28.7142857142857,6.476190476190476,6.571428571428572,29.238095238095227,0.8170615347307075,0.8171787987577461,0.8171201667442269,0.9023066401438801,0.9019992277816187,FedAvg,balanced,0.39,0,1,428956419
3,0.8390342052313883,0.37188762531519187,0.82389075728859,0.8618047207443491,0.8404503118138376,0.8419521229437451,0.8404520225852047,0.8387718354563959,29.52380952380951,6.571428571428569,4.8571428571428585,30.047619047619037,0.8618047207443491,0.8190993244260603,0.8404520225852047,0.9204480104330832,0.9187990733543393,FedAvg,balanced,0.39,0,1,428956419
