round,global_accuracy,global_logloss,global_precision_bin,global_recall_bin,global_f1_bin,global_precision_macro,global_recall_macro,global_f1_macro,global_tn,global_fp,global_fn,global_tp,global_sensitivity,global_specificity,global_balanced_accuracy,global_roc_auc,global_pr_auc,num-examples
0,0.0339,0.6931471805599454,0.0339,1.0,0.0655769416771448,0.01695,0.5,0.0327884708385724,0,9661,0,339,1.0,0.0,0.5,0.5,0.0339,10000
1,0.6862,0.6465727751923157,0.07241063244729606,0.6991150442477876,0.13122923588039867,0.5286239277889817,0.6924309306737333,0.46987383199926697,6625,3036,102,237,0.6991150442477876,0.6857468170996791,0.6924309306737333,0.7674966008453538,0.12436631518075343,10000
2,0.7869,0.6154086779438014,0.1052863436123348,0.7050147492625368,0.18321195860482944,0.5461748665021571,0.7473940323271591,0.5303386571242766,7630,2031,100,239,0.7050147492625368,0.7897733153917814,0.7473940323271591,0.7864903411490226,0.3783877653823708,10000
3,0.8812,0.5898443287729098,0.15903614457831325,0.584070796460177,0.25,0.5714655308842451,0.7378484610600233,0.5927454387489139,8614,1047,141,198,0.584070796460177,0.8916261256598695,0.7378484610600233,0.8273589736308652,0.3993490971213244,10000
4,0.8835,0.5715519638342995,0.15235690235690236,0.5339233038348082,0.23706614276358873,0.5672134035161724,0.7148448938178285,0.5870005644798293,8654,1007,158,181,0.5339233038348082,0.8957664838008488,0.7148448938178285,0.8028707093783081,0.3421802939296157,10000
5,0.9136,0.5537358374530388,0.2033898305084746,0.5309734513274337,0.29411764705882354,0.5929730282547858,0.7289998195463376,0.6240507280884233,8956,705,159,180,0.5309734513274337,0.9270261877652417,0.7289998195463376,0.8328977713209361,0.3790671275814219,10000
