round,global_accuracy,global_logloss,global_precision_bin,global_recall_bin,global_f1_bin,global_precision_macro,global_recall_macro,global_f1_macro,global_tn,global_fp,global_fn,global_tp,global_sensitivity,global_specificity,global_balanced_accuracy,global_roc_auc,global_pr_auc,num-examples,fl_algo,dataset_balance_type,fraction,failure_rate,iid,seed
0,0.0339,0.6931471805599454,0.0339,1.0,0.0655769416771448,0.01695,0.5,0.0327884708385724,0,9661,0,339,1.0,0.0,0.5,0.5,0.0339,10000,FedAvg,imbalanced,0.39,0,1,42
1,0.7424,0.5786780753121782,0.09312477264459804,0.7551622418879056,0.16580310880829016,0.5408390378186443,0.7485572103756886,0.5067426140067941,7168,2493,83,256,0.7551622418879056,0.7419521788634716,0.7485572103756886,0.800401761301025,0.39046910201963064,10000,FedAvg,imbalanced,0.39,0,1,42
2,0.9313,0.2137317146982383,0.25142857142857145,0.5191740412979351,0.3387872954764196,0.6169508448540706,0.7324676748255539,0.6512775146228678,9137,524,163,176,0.5191740412979351,0.9457613083531725,0.7324676748255539,0.8684963019212667,0.38866400181231586,10000,FedAvg,imbalanced,0.39,0,1,42
3,0.8852,0.2720343545836978,0.18074191002367798,0.6755162241887905,0.2851805728518057,0.5840730047083923,0.7840369652151902,0.6113844584385156,8623,1038,110,229,0.6755162241887905,0.8925577062415899,0.7840369652151902,0.8847966720802766,0.3710181251300104,10000,FedAvg,imbalanced,0.39,0,1,42
