round,global_accuracy,global_logloss,global_precision_bin,global_recall_bin,global_f1_bin,global_precision_macro,global_recall_macro,global_f1_macro,global_tn,global_fp,global_fn,global_tp,global_sensitivity,global_specificity,global_balanced_accuracy,global_roc_auc,global_pr_auc,num-examples,fl_algo,dataset_balance_type,fraction,failure_rate,iid,seed
0,0.0339,0.6931471805599454,0.0339,1.0,0.0655769416771448,0.01695,0.5,0.0327884708385724,0,9661,0,339,1.0,0.0,0.5,0.5,0.0339,10000,FedAvg,imbalanced,0.39,0.3,1,42
1,0.8524,0.3477483992997547,0.15271838729383017,0.7374631268436578,0.25303643724696356,0.5710381366099666,0.7969481041526021,0.5855728124983153,8274,1387,89,250,0.7374631268436578,0.8564330814615464,0.7969481041526021,0.8182972074872088,0.41364267806834387,10000,FedAvg,imbalanced,0.39,0.3,1,42
2,0.8879,0.28454197180449237,0.1768595041322314,0.6312684365781711,0.276307295029051,0.5813193993926231,0.7640867594338946,0.6077758902113983,8665,996,125,214,0.6312684365781711,0.8969050822896181,0.7640867594338946,0.8076305945597038,0.3129645542420064,10000,FedAvg,imbalanced,0.39,0.3,1,42
3,0.9065,0.23964750320855824,0.21346153846153845,0.6548672566371682,0.32197244379985496,0.6002017513736263,0.7850984663270718,0.6358801588528301,8843,818,117,222,0.6548672566371682,0.9153296760169755,0.7850984663270718,0.8332867695710545,0.41268769138714023,10000,FedAvg,imbalanced,0.39,0.3,1,42
