round,global_accuracy,global_logloss,global_precision_bin,global_recall_bin,global_f1_bin,global_precision_macro,global_recall_macro,global_f1_macro,global_tn,global_fp,global_fn,global_tp,global_sensitivity,global_specificity,global_balanced_accuracy,global_roc_auc,global_pr_auc,num-examples,fl_algo,dataset_balance_type,fraction,failure_rate,iid,seed
0,0.0339,0.6931471805599454,0.0339,1.0,0.0655769416771448,0.01695,0.5,0.0327884708385724,0,9661,0,339,1.0,0.0,0.5,0.5,0.0339,10000,FedAdagrad,imbalanced,0.39,0.3,1,1954324947
1,0.6748,0.6472995523914482,0.06870002961208173,0.6843657817109144,0.12486544671689989,0.5262721044934937,0.6794150614382126,0.46258010729360105,6516,3145,107,232,0.6843657817109144,0.6744643411655108,0.6794150614382126,0.7533100728257243,0.11077587877569053,10000,FedAdagrad,imbalanced,0.39,0.3,1,1954324947
2,0.6679,0.6250451361201164,0.0685763888888889,0.6991150442477876,0.12490118577075099,0.5264947959114371,0.6829598614262434,0.45998221892672075,6442,3219,102,237,0.6991150442477876,0.6668046786046993,0.6829598614262434,0.7540810465946012,0.11259009800231935,10000,FedAdagrad,imbalanced,0.39,0.3,1,1954324947
3,0.7105,0.6048375375456175,0.08317025440313111,0.7522123893805309,0.14977973568281938,0.535528017308286,0.730624360511609,0.4876648000499062,6850,2811,84,255,0.7522123893805309,0.7090363316426871,0.730624360511609,0.8081179110488632,0.17367976866103738,10000,FedAdagrad,imbalanced,0.39,0.3,1,1954324947
