round,global_accuracy,global_logloss,global_precision_bin,global_recall_bin,global_f1_bin,global_precision_macro,global_recall_macro,global_f1_macro,global_tn,global_fp,global_fn,global_tp,global_sensitivity,global_specificity,global_balanced_accuracy,global_roc_auc,global_pr_auc,num-examples
0,0.5,0.6931471805599453,0.5,1.0,0.6666666666666666,0.25,0.5,0.3333333333333333,0,9661,0,9661,1.0,0.0,0.5,0.5,0.5,19322
1,0.6913363005900011,0.6619773071986791,0.8897322369808138,0.43680778387330504,0.5859483476811996,0.7582620990103328,0.6913363005900011,0.6699543718604017,9138,523,5441,4220,0.43680778387330504,0.945864817306697,0.6913363005900011,0.8309224047020944,0.8290535102569003,19322
2,0.6719283718041611,0.6396245390903479,0.8553701326486949,0.4138287961908705,0.5577956051621904,0.7343822263461934,0.6719283718041611,0.648513994115095,8985,676,5663,3998,0.4138287961908705,0.9300279474174517,0.6719283718041611,0.8371835339100999,0.8200760354539169,19322
3,0.6699617016871959,0.6421394550701921,0.9150657229524772,0.3747024117586171,0.5316883307630168,0.7609625113525891,0.6699617016871959,0.6384417599793427,9325,336,6041,3620,0.3747024117586171,0.9652209916157748,0.6699617016871959,0.8049473144140766,0.8233866677126978,19322
4,0.67513714936342,0.6304633233858095,0.9381149663386846,0.37501293861919055,0.5358278488501073,0.7737793460412699,0.67513714936342,0.6429786113403835,9422,239,6038,3623,0.37501293861919055,0.9752613601076493,0.67513714936342,0.8345465251960733,0.8477644401874581,19322
5,0.6687195942449022,0.627263639549538,0.9414951245937161,0.359797122451092,0.5206320677001423,0.7728908764363334,0.6687195942449022,0.6337690408486081,9445,216,6185,3476,0.359797122451092,0.9776420660387124,0.6687195942449022,0.8298890508516099,0.8450512630491795,19322
