round,global_accuracy,global_logloss,global_precision_bin,global_recall_bin,global_f1_bin,global_precision_macro,global_recall_macro,global_f1_macro,global_tn,global_fp,global_fn,global_tp,global_sensitivity,global_specificity,global_balanced_accuracy,global_roc_auc,global_pr_auc,num-examples,fl_algo,dataset_balance_type,fraction,failure_rate,iid,seed
0,0.0339,0.6931471805599454,0.0339,1.0,0.0655769416771448,0.01695,0.5,0.0327884708385724,0,9661,0,339,1.0,0.0,0.5,0.5,0.0339,10000,FedYogi,imbalanced,0.39,0.3,1,1954324947
1,0.6759,0.6879234665161216,0.0689245395127748,0.6843657817109144,0.1252361673414305,0.5263977536273552,0.6799843606825973,0.46317040033226786,6527,3134,107,232,0.6843657817109144,0.6756029396542801,0.6799843606825973,0.7536343398128718,0.11103709928514843,10000,FedYogi,imbalanced,0.39,0.3,1,1954324947
2,0.7021,0.6810990854066696,0.07610789980732177,0.6991150442477876,0.1372719374456994,0.530647618216179,0.7006598924789296,0.4786196515656611,6784,2877,102,237,0.6991150442477876,0.7022047407100714,0.7006598924789296,0.7798532493414663,0.13628195565791923,10000,FedYogi,imbalanced,0.39,0.3,1,1954324947
3,0.7242,0.6733356911016315,0.08507718696397942,0.7315634218289085,0.1524277811923786,0.5361165751333659,0.7277525213895604,0.49386586718761416,6994,2667,91,248,0.7315634218289085,0.7239416209502122,0.7277525213895604,0.801780354000621,0.16256065497589248,10000,FedYogi,imbalanced,0.39,0.3,1,1954324947
