round,global_accuracy,global_logloss,global_precision_bin,global_recall_bin,global_f1_bin,global_precision_macro,global_recall_macro,global_f1_macro,global_tn,global_fp,global_fn,global_tp,global_sensitivity,global_specificity,global_balanced_accuracy,global_roc_auc,global_pr_auc,num-examples,fl_algo,dataset_balance_type,fraction,failure_rate,iid,seed
0,0.0339,0.6931471805599454,0.0339,1.0,0.0655769416771448,0.01695,0.5,0.0327884708385724,0,9661,0,339,1.0,0.0,0.5,0.5,0.0339,10000,FedAvg,imbalanced,0.39,0.3,1,42
1,0.8182,0.39447641200278427,0.12366412213740458,0.7168141592920354,0.2109375,0.5558581967252051,0.7692858706614405,0.554101209312839,7939,1722,96,243,0.7168141592920354,0.8217575820308457,0.7692858706614405,0.8124191813388317,0.3942223153929746,10000,FedAvg,imbalanced,0.39,0.3,1,42
2,0.8955,0.2601850145304619,0.17967332123411978,0.584070796460177,0.2748091603053435,0.5819135318240727,0.7452493512370236,0.609251123608677,8757,904,141,198,0.584070796460177,0.9064279060138702,0.7452493512370236,0.8550434966606912,0.3813787520981118,10000,FedAvg,imbalanced,0.39,0.3,1,42
3,0.8896,0.26775217744923435,0.18775510204081633,0.6784660766961652,0.29411764705882354,0.5876667248095819,0.7877373339696538,0.6171174045665131,8666,995,109,230,0.6784660766961652,0.8970085912431426,0.7877373339696538,0.8287180248171112,0.4021598725244627,10000,FedAvg,imbalanced,0.39,0.3,1,42
