round,global_accuracy,global_logloss,global_precision_bin,global_recall_bin,global_f1_bin,global_precision_macro,global_recall_macro,global_f1_macro,global_tn,global_fp,global_fn,global_tp,global_sensitivity,global_specificity,global_balanced_accuracy,global_roc_auc,global_pr_auc,num-examples,fl_algo,dataset_balance_type,fraction,failure_rate,iid,seed
0,0.5,0.6931471805599453,0.5,1.0,0.6666666666666666,0.25,0.5,0.3333333333333333,0,9661,0,9661,1.0,0.0,0.5,0.5,0.5,19322,FedAvg,balanced,0.39,0,1,428956419
1,0.8159093261567125,0.42093695458141395,0.8137980670368086,0.8192733671462582,0.8165265384020219,0.8159236270990629,0.8159093261567125,0.8159072428209933,7850,1811,1746,7915,0.8192733671462582,0.812545285167167,0.8159093261567125,0.9010244943583334,0.8969559017799893,19322,FedAvg,balanced,0.39,0,1,428956419
2,0.8238277611013353,0.39369754634112686,0.8207073295745771,0.8286926819169859,0.8246806757313556,0.8238584207191376,0.8238277611013353,0.8238235914541945,7912,1749,1655,8006,0.8286926819169859,0.8189628402856847,0.8238277611013353,0.9080731744552503,0.9053622367165651,19322,FedAvg,balanced,0.39,0,1,428956419
3,0.8240347790083842,0.38818273623442245,0.8190155915622134,0.8319014594762447,0.8254082366231899,0.8241150099992158,0.8240347790083842,0.824023888786295,7885,1776,1624,8037,0.8319014594762447,0.8161680985405237,0.8240347790083842,0.908803479889376,0.9073189719652183,19322,FedAvg,balanced,0.39,0,1,428956419
