round,global_accuracy,global_logloss,global_precision_bin,global_recall_bin,global_f1_bin,global_precision_macro,global_recall_macro,global_f1_macro,global_tn,global_fp,global_fn,global_tp,global_sensitivity,global_specificity,global_balanced_accuracy,global_roc_auc,global_pr_auc,num-examples,fl_algo,dataset_balance_type,fraction,failure_rate,iid,seed
0,0.0339,0.6931471805599454,0.0339,1.0,0.0655769416771448,0.01695,0.5,0.0327884708385724,0,9661,0,339,1.0,0.0,0.5,0.5,0.0339,10000,FedAvg,imbalanced,0.39,0.3,1,1954324947
1,0.767,0.48765147425150135,0.10004017677782241,0.7345132743362832,0.1760961810466761,0.5440288755011466,0.7513266092207241,0.5202050902904007,7421,2240,90,249,0.7345132743362832,0.7681399441051651,0.7513266092207241,0.8184144565673073,0.3389026629524953,10000,FedAvg,imbalanced,0.39,0.3,1,1954324947
2,0.8729,0.302380032826103,0.1647482014388489,0.6755162241887905,0.264893001735107,0.5759861796973571,0.7776711645734347,0.5976646060615768,8500,1161,110,229,0.6755162241887905,0.8798261049580789,0.7776711645734347,0.8228082437095411,0.31563394853433385,10000,FedAvg,imbalanced,0.39,0.3,1,1954324947
3,0.9109,0.226448776744979,0.2125,0.6017699115044248,0.3140877598152425,0.598783185840708,0.761758571319959,0.6332216244132627,8905,756,135,204,0.6017699115044248,0.9217472311354932,0.761758571319959,0.8338186651375431,0.3545492731066517,10000,FedAvg,imbalanced,0.39,0.3,1,1954324947
