round,global_accuracy,global_logloss,global_precision_bin,global_recall_bin,global_f1_bin,global_precision_macro,global_recall_macro,global_f1_macro,global_tn,global_fp,global_fn,global_tp,global_sensitivity,global_specificity,global_balanced_accuracy,global_roc_auc,global_pr_auc,num-examples,fl_algo,dataset_balance_type,fraction,failure_rate,iid,seed
0,0.0339,0.6931471805599454,0.0339,1.0,0.0655769416771448,0.01695,0.5,0.0327884708385724,0,9661,0,339,1.0,0.0,0.5,0.5,0.0339,10000,FedAvg,imbalanced,0.39,0.3,1,42
1,0.7665,0.503800496449997,0.10365369340746625,0.7699115044247787,0.18270913545677284,0.5466143366796754,0.7681458981600138,0.5232509685917126,7404,2257,78,261,0.7699115044247787,0.7663802918952489,0.7681458981600138,0.8111676084760092,0.40155187730690617,10000,FedAvg,imbalanced,0.39,0.3,1,42
2,0.9381,0.19441763807694082,0.27419354838709675,0.5014749262536873,0.3545359749739312,0.6280882454089002,0.7274479485838357,0.6610135890835204,9211,450,169,170,0.5014749262536873,0.953420970913984,0.7274479485838357,0.8187634557822879,0.356434313019037,10000,FedAvg,imbalanced,0.39,0.3,1,42
3,0.9386,0.19685685544220324,0.28549141965678626,0.5398230088495575,0.373469387755102,0.6344114860865404,0.7462079540676729,0.6705937895662997,9203,458,156,183,0.5398230088495575,0.9525928992857883,0.7462079540676729,0.84395490917929,0.4072407831399306,10000,FedAvg,imbalanced,0.39,0.3,1,42
