round,global_accuracy,global_logloss,global_precision_bin,global_recall_bin,global_f1_bin,global_precision_macro,global_recall_macro,global_f1_macro,global_tn,global_fp,global_fn,global_tp,global_sensitivity,global_specificity,global_balanced_accuracy,global_roc_auc,global_pr_auc,num-examples,fl_algo,dataset_balance_type,fraction,failure_rate,iid,seed
0,0.0339,0.6931471805599454,0.0339,1.0,0.0655769416771448,0.01695,0.5,0.0327884708385724,0,9661,0,339,1.0,0.0,0.5,0.5,0.0339,10000,FedAdam,imbalanced,0.39,0.3,1,1954324947
1,0.7932,0.6565752621425694,0.11005863779882724,0.7197640117994101,0.19092331768388107,0.5489262738011225,0.7577704232478056,0.5361862632904615,7688,1973,95,244,0.7197640117994101,0.7957768346962012,0.7577704232478056,0.8350363456881498,0.2690326012458848,10000,FedAdam,imbalanced,0.39,0.3,1,1954324947
2,0.7931,0.6190605561821417,0.1093044263775971,0.7138643067846607,0.18958088523305916,0.5484230839825309,0.7548723252171932,0.5354965812076914,7689,1972,97,242,0.7138643067846607,0.7958803436497257,0.7548723252171932,0.839621578593982,0.2797497893334845,10000,FedAdam,imbalanced,0.39,0.3,1,1954324947
3,0.7924,0.5837281358880003,0.11140939597315436,0.7345132743362832,0.19347319347319347,0.549909462957601,0.7644722463183331,0.5371704312367689,7675,1986,90,249,0.7345132743362832,0.794431218300383,0.7644722463183331,0.8488683784421688,0.2775137784854825,10000,FedAdam,imbalanced,0.39,0.3,1,1954324947
