round,train_accuracy,train_logloss,train_precision_bin,train_recall_bin,train_f1_bin,train_precision_macro,train_recall_macro,train_f1_macro,train_tn,train_fp,train_fn,train_tp,train_sensitivity,train_specificity,train_balanced_accuracy,train_roc_auc,train_pr_auc,fl_algo,dataset_balance_type,fraction,failure_rate,iid,seed
1,0.9707236842105265,0.1149898305661558,0.23418311403508774,0.08655801435406699,0.12294477001326846,0.6023203473322923,0.5430851154354847,0.5538077520634831,139.52072368421054,0.047697368421052634,4.193421052631579,1.0013157894736842,0.08655801435406699,0.9996122165169025,0.5430851154354847,0.8917989391134585,0.592824675948324,FedAvg,imbalanced,0.39,0,1,428956419
2,0.9766293614219881,0.09132161903521632,0.04772876892692561,0.007954794821154267,0.013636791121978745,0.5121733505230048,0.5039773974105771,0.5008857376060003,141.23831468071097,0.0,3.3821593153390386,0.04772876892692561,0.007954794821154267,1.0,0.5039773974105771,0.889845245349181,0.5734177315017038,FedAvg,imbalanced,0.39,0,1,428956419
3,0.9704142011834317,0.0996553002258033,0.256538096281686,0.1139761235915082,0.1548967299587647,0.6138895180408445,0.5562485035321707,0.5697420934604115,139.76068376068375,0.19066403681788296,4.096646942800788,0.8099934253780408,0.1139761235915082,0.9985208834728333,0.5562485035321707,0.8835950834244649,0.5428156006779667,FedAvg,imbalanced,0.39,0,1,428956419
