round,train_accuracy,train_logloss,train_precision_bin,train_recall_bin,train_f1_bin,train_precision_macro,train_recall_macro,train_f1_macro,train_tn,train_fp,train_fn,train_tp,train_sensitivity,train_specificity,train_balanced_accuracy,train_roc_auc,train_pr_auc,comm_download_bytes,comm_upload_bytes,fl_algo,dataset_balance_type,fraction,failure_rate,iid,seed
1,0.7605911330049261,0.5658458589446209,0.15509314421274553,0.9154761904761904,0.2540697946254568,0.5754051010867856,0.8351729133416068,0.5532971577735636,105.57142857142858,34.28571428571429,0.4285714285714285,4.7142857142857135,0.9154761904761904,0.7548696362070233,0.8351729133416068,0.9091916213630181,0.5325050047967932,48.0,48.0,FedAvg,imbalanced,0.39,0.3,1,42
2,0.799846625766871,0.4874186467349685,0.10152566567342963,0.5998849693251533,0.16182227478441316,0.5429693601179992,0.7026760684607337,0.5213638045256527,113.20705521472391,27.237730061349694,1.7783742331288346,2.666411042944785,0.5998849693251533,0.8054671675963139,0.7026760684607337,0.7900452229669424,0.3036165797157289,48.00000000000001,48.00000000000001,FedAvg,imbalanced,0.39,0.3,1,42
3,0.8416578108395325,0.4194160481758752,0.28610402382635175,0.7670063508931733,0.3543999180822014,0.6370978179973019,0.8062525265273454,0.6306343230960774,117.68225292242296,21.5499468650372,1.3841657810839534,4.154091392136025,0.7670063508931733,0.8454987021615175,0.8062525265273454,0.8840815739208407,0.5709872178048172,47.99999999999999,47.99999999999999,FedAvg,imbalanced,0.39,0.3,1,42
