round,train_accuracy,train_logloss,train_precision_bin,train_recall_bin,train_f1_bin,train_precision_macro,train_recall_macro,train_f1_macro,train_tn,train_fp,train_fn,train_tp,train_sensitivity,train_specificity,train_balanced_accuracy,train_roc_auc,train_pr_auc,fl_algo,dataset_balance_type,fraction,failure_rate,iid,seed
1,0.7423811458756603,0.8089298472747815,0.12681877864985658,0.8332269112439775,0.20730094687330994,0.5591156353010879,0.7864997699058508,0.5248021292593128,103.30475416497362,36.34660707029663,0.9402681836651767,4.174319382364892,0.8332269112439775,0.7397726285677242,0.7864997699058508,0.863711149351556,0.4827868185247158,FedAvg,imbalanced,0.39,0.3,1,1954324947
2,0.8226919758412425,0.697113636217341,0.19508220896825545,0.7795564731500884,0.280031172587661,0.5929772956550425,0.8021815293683041,0.5875106301612258,115.18981880931841,24.56212251941329,1.1251078515962036,3.9987057808455573,0.7795564731500884,0.8248065855865201,0.8021815293683041,0.8821893441368185,0.5286417520470844,FedAvg,imbalanced,0.39,0.3,1,1954324947
3,0.8746680828465214,0.32745023209298624,0.2483811620955506,0.7632071415926966,0.3597176726596673,0.6192391619840114,0.8205992270663724,0.6441277950066804,121.9166224110462,16.928836962294213,1.231545406266596,4.770047796070101,0.7632071415926966,0.8779913125400485,0.8205992270663724,0.8830520005393464,0.5248286036532115,FedAvg,imbalanced,0.39,0.3,1,1954324947
