round,train_accuracy,train_logloss,train_precision_bin,train_recall_bin,train_f1_bin,train_precision_macro,train_recall_macro,train_f1_macro,train_tn,train_fp,train_fn,train_tp,train_sensitivity,train_specificity,train_balanced_accuracy,train_roc_auc,train_pr_auc,fl_algo,dataset_balance_type,fraction,failure_rate,iid,seed
1,0.8187223921168878,0.4172098406159109,0.8145990205613697,0.8233392682198539,0.8185334184325872,0.8190894519726304,0.8182771464033356,0.8182281009564306,114.85966700645602,26.23836221542644,24.571865443425075,114.61654774040096,0.8233392682198539,0.8132150245868175,0.8182771464033356,0.9028896580244986,0.9023323115115547,FedAvg,balanced,0.39,0,1,428956419
2,0.8282073067119796,0.39201094309959184,0.828796983228773,0.8297850261978361,0.8286669462631432,0.8288279851310487,0.8273606859148945,0.827449376139247,115.18878504672897,24.23942225998301,23.904842820730675,116.90569243840271,0.8297850261978361,0.8249363456319527,0.8273606859148945,0.9080047296261263,0.9090409329530275,FedAvg,balanced,0.39,0,1,428956419
3,0.8182435875658232,0.3922354438382951,0.8188094198028346,0.8225859906374973,0.8203246553771846,0.8184607226064602,0.8178520271239271,0.8177667981416846,112.85952097842706,25.857992186172922,25.093935790725332,116.52267708510277,0.8225859906374973,0.8131180636103574,0.8178520271239271,0.905035822685149,0.9084064307020184,FedAvg,balanced,0.39,0,1,428956419
