round,train_accuracy,train_logloss,train_precision_bin,train_recall_bin,train_f1_bin,train_precision_macro,train_recall_macro,train_f1_macro,train_tn,train_fp,train_fn,train_tp,train_sensitivity,train_specificity,train_balanced_accuracy,train_roc_auc,train_pr_auc,fl_algo,dataset_balance_type,fraction,failure_rate,iid,seed
1,0.7062886223191567,1.4152181478918033,0.08847584458831138,0.7136586695747,0.14230957810080822,0.5386432720284445,0.7102368694202933,0.47392335531201485,99.26026899309345,41.26862958924028,1.262450018175209,2.9992729916394048,0.7136586695747,0.7068150692658866,0.7102368694202933,0.8202852751271462,0.4279104027261568,FedAdam,imbalanced,0.39,0.3,1,1954324947
2,0.7733549959382614,0.7415949251775884,0.12380986586344968,0.7478114966539013,0.189832224327356,0.5564101583041619,0.761710732376235,0.5253768334290063,108.77335499593826,31.521933387489845,1.2936636880584889,3.2355808285946384,0.7478114966539013,0.7756099680985689,0.761710732376235,0.8648322787068615,0.5128552623177532,FedAdam,imbalanced,0.39,0.3,1,1954324947
3,0.7265002655337228,0.6483477617753912,0.10913208499774307,0.7115271139434707,0.17995434648268038,0.5480115106192154,0.7182689331413797,0.5014486559719726,101.47477429633562,38.29792883696229,1.3069569835369093,3.7673924588422736,0.7115271139434707,0.7250107523392888,0.7182689331413797,0.857866158601996,0.4371621112294497,FedAdam,imbalanced,0.39,0.3,1,1954324947
