round,train_accuracy,train_logloss,train_precision_bin,train_recall_bin,train_f1_bin,train_precision_macro,train_recall_macro,train_f1_macro,train_tn,train_fp,train_fn,train_tp,train_sensitivity,train_specificity,train_balanced_accuracy,train_roc_auc,train_pr_auc
1,0.9679849340866289,0.14921944042787552,0.12123875287717094,0.03503821281599059,0.047931928425535314,0.5448712218744806,0.5170786714404962,0.5156208666602653,139.83527934714377,0.10922787193973635,4.5289391086001265,0.34576271186440677,0.03503821281599059,0.9991191300650021,0.5170786714404962,0.7913799038150195,0.4137664386611873
2,0.9683615819209039,0.14846147423561223,0.13931784892236868,0.03197625524367521,0.05002758279594438,0.5539513508576349,0.5156945043101715,0.5167696799272231,139.87168863779036,0.07281858129315756,4.510860012554926,0.3638418079096045,0.03197625524367521,0.9994127533766679,0.5156945043101715,0.8210324711045348,0.4211085007367386
3,0.9689893283113621,0.14685133474514472,0.1525911976006138,0.04836890562879263,0.06962028093338464,0.5610317740109209,0.5236741354987208,0.5267120562681528,139.8170747018205,0.12743251726302574,4.36509730069052,0.5096045197740113,0.04836890562879263,0.9989793653686491,0.5236741354987208,0.8586880203509288,0.5330006351933745
4,0.9694915254237286,0.1466651667285302,0.2455116133082235,0.06754033021452983,0.09783458961276385,0.6074347559449459,0.5337060642434502,0.540977984079537,139.92630257376024,0.01820464532328939,4.40163214061519,0.47306967984934095,0.06754033021452983,0.999871798272371,0.5337060642434502,0.8570131198152946,0.5388290717158728
5,0.9691148775894539,0.1440873275246776,0.1701637371835112,0.07533405075777956,0.10192487141639685,0.5699039326773877,0.5371543590767208,0.5428986334563571,139.81707470182045,0.12743251726302574,4.34689265536723,0.5278091650973007,0.07533405075777956,0.9989746673956624,0.5371543590767208,0.8665836535426364,0.5629437999549552
