round,train_accuracy,train_logloss,train_precision_bin,train_recall_bin,train_f1_bin,train_precision_macro,train_recall_macro,train_f1_macro,train_tn,train_fp,train_fn,train_tp,train_sensitivity,train_specificity,train_balanced_accuracy,train_roc_auc,train_pr_auc,comm_download_bytes,comm_upload_bytes,fl_algo,dataset_balance_type,fraction,failure_rate,iid,seed
1,0.7609396591432521,0.7675263790224133,0.12491675771668881,0.811761093198219,0.20849747974922764,0.5589730450015868,0.7841632709822379,0.5299725906049405,105.55135882081991,33.84891754951635,0.7328420082911102,4.601566098572086,0.811761093198219,0.7565654487662571,0.7841632709822379,0.8819588078520735,0.539987370216988,48.000000000000014,48.000000000000014,FedAvg,imbalanced,0.39,0.3,1,42
2,0.8349626221966648,0.5472372032883099,0.12400695876375738,0.7152578110024919,0.20216832625273023,0.5567766538040947,0.776927237007677,0.5531922595171938,117.99827487061532,22.668775158136864,1.2501437607820587,3.0,0.7152578110024919,0.838596663012862,0.776927237007677,0.7902841378447807,0.424743427330713,48.00000000000001,48.00000000000001,FedAvg,imbalanced,0.39,0.3,1,42
3,0.8423475258918297,0.45934494622959493,0.1739662835338182,0.6637496118508777,0.2622423635386567,0.5810518654002105,0.755100597795498,0.5833475276956814,118.2796317606444,21.38837744533947,1.4177215189873416,3.7485615650172606,0.6637496118508777,0.8464515837401183,0.755100597795498,0.8235059353944139,0.5019748908717329,47.99999999999999,47.99999999999999,FedAvg,imbalanced,0.39,0.3,1,42
