round,train_accuracy,train_logloss,train_precision_bin,train_recall_bin,train_f1_bin,train_precision_macro,train_recall_macro,train_f1_macro,train_tn,train_fp,train_fn,train_tp,train_sensitivity,train_specificity,train_balanced_accuracy,train_roc_auc,train_pr_auc
1,0.9859725938538878,0.41214253630706654,0.5800820339039917,0.5489855147205243,0.5545120660712651,0.782542895418448,0.7736643812154741,0.773019448957873,126.94907970485689,0.2271953296035028,3.7090732181950865,149.41084894186324,0.5489855147205243,0.4761669726759637,0.7736643812154741,,0.7767577176072826
2,0.5593934971215444,0.41651774222101523,0.6769775374404451,0.12379636848413728,0.19011592115523987,0.5911123608551169,0.3220707913552619,0.3513673493309627,137.59077272358712,0.5233925241222736,122.85777993999837,19.324252006810994,0.12379636848413728,0.5203452142263858,0.34907152110471407,,0.7716908612176501
3,0.5325117561212904,0.4683136002111009,0.6191221125954384,0.10695202902320816,0.17518273885736144,0.5403881303233189,0.29190262828677166,0.32212567652084045,128.58910329171397,0.2506080752391763,130.65915355926708,20.82009080590238,0.10695202902320816,0.47685322755033555,0.3276169140010577,,0.8021055047600222
4,0.5349497242945183,0.48218531353044564,0.600730724968342,0.12046774154760487,0.1855535919692894,0.5309828289227843,0.29782560269054914,0.3268025709774781,125.63890690885502,0.4093415504378852,129.81495296788842,24.410233538760945,0.12046774154760487,0.4751834638334936,0.33455930363119146,,0.8018547093053621
5,0.5254196059352956,0.4806040270412075,0.5804499039305312,0.0860322795413754,0.1317063245137346,0.5316452740176124,0.2922558869822249,0.31108647108332127,131.91713289548366,0.3183329279169707,132.57520473526313,15.485526635855024,0.0860322795413754,0.4984794944230745,0.31325645456513257,,0.7849321413195547
