round,train_accuracy,train_logloss,train_precision_bin,train_recall_bin,train_f1_bin,train_precision_macro,train_recall_macro,train_f1_macro,train_tn,train_fp,train_fn,train_tp,train_sensitivity,train_specificity,train_balanced_accuracy,train_roc_auc,train_pr_auc,fl_algo,dataset_balance_type,fraction,failure_rate,iid,seed
1,0.7479033053774051,0.8076270734975257,0.12239204242362653,0.7807867596964786,0.200426641402777,0.5566814039900412,0.7635043102180777,0.5224917931121924,104.41489886531821,35.51504686729157,1.0000000000000002,3.8569314257523435,0.7807867596964786,0.746221860739677,0.7635043102180777,0.8324593485411156,0.5161251661733722,FedYogi,imbalanced,0.39,0.3,1,1954324947
2,0.7622950819672133,0.5719130242916757,0.11508446161837778,0.7699525452976703,0.1957633200709066,0.5531526853447979,0.7648201406570672,0.525354069286666,106.07377049180329,33.427523727351165,1.0004314063848145,4.374029335634167,0.7699525452976703,0.7596877360164637,0.7648201406570672,0.826220426504271,0.38509496836258683,FedYogi,imbalanced,0.39,0.3,1,1954324947
3,0.7546709991876525,0.8836197587604441,0.1079775637301845,0.8026220778048558,0.18253045729922077,0.5509930927980318,0.7771272834588736,0.5151451151373768,105.33306255077173,34.84362307067425,0.7051177904142975,3.9427294882209583,0.8026220778048558,0.7516324891128914,0.7771272834588736,0.82045775062686,0.4187675468580197,FedYogi,imbalanced,0.39,0.3,1,1954324947
