round,train_accuracy,train_logloss,train_precision_bin,train_recall_bin,train_f1_bin,train_precision_macro,train_recall_macro,train_f1_macro,train_tn,train_fp,train_fn,train_tp,train_sensitivity,train_specificity,train_balanced_accuracy,train_roc_auc,train_pr_auc,fl_algo,dataset_balance_type,fraction,failure_rate,iid,seed
1,0.7555248618784531,0.5161705709617846,0.13222536848136612,0.8130755064456722,0.1977550426386528,0.5618236236465071,0.7831931553702653,0.5240816607147359,105.29558011049724,34.40469613259668,1.0013812154696131,4.099447513812154,0.8130755064456722,0.7533108042948586,0.7831931553702653,0.8874935853218234,0.5879956315271723,FedAvg,imbalanced,0.39,0.3,1,42
2,0.7858660998937299,0.7517292122327459,0.17775873711708046,0.7822499704805761,0.2605735036455834,0.5836387398500228,0.7845688925768921,0.5654496743932762,109.76673751328374,29.851222104144533,1.1535600425079704,3.9989373007438895,0.7822499704805761,0.786887814673208,0.7845688925768921,0.8559529425067225,0.5054400880795881,FedAvg,imbalanced,0.39,0.3,1,42
3,0.8660149511213342,0.36572992847236147,0.2523089885392562,0.9334866781675295,0.37171694311216774,0.623956830026019,0.8990967262935855,0.6472068930096041,121.16216216216216,18.922369177688328,0.4991374353076481,4.333525014376078,0.9334866781675295,0.8647067744196416,0.8990967262935855,0.9548927125459289,0.667606322681569,FedAvg,imbalanced,0.39,0.3,1,42
