round,train_accuracy,train_logloss,train_precision_bin,train_recall_bin,train_f1_bin,train_precision_macro,train_recall_macro,train_f1_macro,train_tn,train_fp,train_fn,train_tp,train_sensitivity,train_specificity,train_balanced_accuracy,train_roc_auc,train_pr_auc,fl_algo,dataset_balance_type,fraction,failure_rate,iid,seed
1,0.970414201183432,0.12083988086514906,0.1367110453648915,0.03986317163574688,0.061138682106424036,0.5535665405183754,0.5197362333211337,0.5229094884759751,140.14299802761343,0.04766600920447074,4.238658777120315,0.4286653517422748,0.03986317163574688,0.9996092950065206,0.5197362333211337,0.8283504116091632,0.5092866160677468,FedAvg,imbalanced,0.39,0,1,42
2,0.9723502304147468,0.10339737696617214,0.22048496818082075,0.10359297909625341,0.13563332918171628,0.6204783113205683,0.5747248340154331,0.5842652364429388,139.6629361421988,0.19091507570770244,3.8127057274522715,1.00164581961817,0.10359297909625341,0.9984570839313208,0.5747248340154331,,0.5319695357088651,FedAvg,imbalanced,0.39,0,1,42
3,0.9683794466403162,0.1086309558670358,0.2584676522423558,0.07767299307964641,0.11564357908231425,0.6374839487768783,0.5615888293018476,0.5731271235563502,138.75494071146244,0.2388010540184453,4.338603425559947,1.2407773386034255,0.07767299307964641,0.998073835484523,0.5615888293018476,,0.5871442435464035,FedAvg,imbalanced,0.39,0,1,42
