round,train_accuracy,train_logloss,train_precision_bin,train_recall_bin,train_f1_bin,train_precision_macro,train_recall_macro,train_f1_macro,train_tn,train_fp,train_fn,train_tp,train_sensitivity,train_specificity,train_balanced_accuracy,train_roc_auc,train_pr_auc,fl_algo,dataset_balance_type,fraction,failure_rate,iid,seed
1,0.7352670349907919,0.7348203885584189,0.12770725506211467,0.7943934710163991,0.2144290136553298,0.5580954969395812,0.7637525874080607,0.5256424509149771,101.85957642725597,37.14088397790055,1.2007366482504604,4.599907918968691,0.7943934710163991,0.7331117037997223,0.7637525874080607,0.8350062921868655,0.4679614392081798,FedAdagrad,imbalanced,0.39,0.3,1,1954324947
2,0.7292746113989639,0.7829679507725479,0.12227837192634299,0.7786387655234803,0.2008193678880274,0.5568740145171484,0.7523032118819819,0.5150716391180129,101.3609671848014,38.32556131260795,0.8734887737478411,4.191278065630397,0.7786387655234803,0.7259676582404833,0.7523032118819819,0.8430579323765484,0.4603688944260257,FedAdagrad,imbalanced,0.39,0.3,1,1954324947
3,0.6950053134962806,1.2683018694008112,0.10623373060025333,0.8588718519643069,0.18284689072375698,0.5492328709473954,0.7745459185321518,0.49559741025468296,96.39532412327313,43.37513283740702,0.7704569606801276,4.229543039319872,0.8588718519643069,0.6902199850999967,0.7745459185321518,0.8890934755376496,0.5240814482819236,FedAdagrad,imbalanced,0.39,0.3,1,1954324947
